Churn,tenure_mean,tenure_median,tenure_std,MonthlyCharges_mean,MonthlyCharges_median,MonthlyCharges_std,TotalCharges_mean,TotalCharges_median,TotalCharges_std
No,37.56996521066873,38.0,24.11377669070408,61.26512369540008,64.42500000000001,31.092648119345313,2554.7657721007463,1689.1750000000002,2327.012699489832
Yes,17.979133226324237,10.0,19.53112305451955,74.44133226324237,79.65,24.666053259397422,1531.7960941680042,703.55,1890.8229944644042
