Service,No,Yes,Difference
DeviceProtection,0.3912762520193861,0.2250206440957886,0.1662556079235975
OnlineBackup,0.39928756476683935,0.21531494442157267,0.18397262034526668
OnlineSecurity,0.4176672384219554,0.14611193660227836,0.271555301819677
StreamingMovies,0.33680430879712747,0.29941434846266474,0.037389960334462735
StreamingTV,0.33523131672597867,0.30070188400443293,0.03452943272154574
TechSupport,0.4163547365390153,0.15166340508806261,0.2646913314509527
